movie_name,storyline,url
Dune: Part Two,"Paul Atreides unites with the Fremen while on a warpath of revenge against the conspirators who destroyed his family. Facing a choice between the love of his life and the fate of the universe, he endeavors to prevent a terrible future.",https://www.imdb.com/title/tt15239678/
Deadpool & Wolverine,"Deadpool is offered a place in the Marvel Cinematic Universe by the Time Variance Authority, but instead recruits a variant of Wolverine to save his universe from extinction.",https://www.imdb.com/title/tt6263850/
The Substance,"A fading celebrity takes a black-market drug: a cell-replicating substance that helps her create a younger, better version of herself.",https://www.imdb.com/title/tt17526714/
Furiosa: A Mad Max Saga,"After being snatched from the Green Place of Many Mothers, while the tyrants Dementus and Immortan Joe fight for power and control, the young Furiosa must survive many trials as she puts together the means to find her way home.",https://www.imdb.com/title/tt12037194/
Gladiator II,"After his home is conquered by the tyrannical emperors who now lead Rome, Lucius is forced to enter the Colosseum and must look to his past to find strength to return the glory of Rome to its people.",https://www.imdb.com/title/tt9218128/
Anora,"A young stripper from Brooklyn impulsively marries the son of Russian oligarchs, but her fairy tale is threatened when his parents set out for New York to get the marriage annulled.",https://www.imdb.com/title/tt28607951/
Alien: Romulus,"While scavenging the deep ends of a derelict space station, a group of young space colonists come face to face with the most terrifying life form in the universe.",https://www.imdb.com/title/tt18412256/
Conclave,"When Cardinal Lawrence is tasked with leading the selection of a new Pope, he finds himself in a web of conspiracy and intrigue that could shake the very foundations of the Catholic Church.",https://www.imdb.com/title/tt20215234/
Civil War,"In the midst of a U.S. civil war, four reporters make the dangerous trip to the capital to interview the president before he is overthrown.",https://www.imdb.com/title/tt17279496/
Nosferatu,"A gothic tale of obsession between a haunted young woman and the terrifying vampire infatuated with her, causing untold horror in its wake.",https://www.imdb.com/title/tt5040012/
The Fall Guy,"A stuntman, fresh off an almost career-ending accident, has to track down a missing movie star, solve a conspiracy and try to win back the love of his life while still doing his day job.",https://www.imdb.com/title/tt1684562/
Inside Out 2,"A sequel that features Riley entering puberty and experiencing brand new, more complex emotions as a result. As Riley tries to adapt to her teenage years, her old emotions try to adapt to the possibility of being replaced.",https://www.imdb.com/title/tt22022452/
Wicked,"Elphaba, a young woman ridiculed for her green skin, and Galinda, a popular girl, become friends at Shiz University in the Land of Oz. After an encounter with the Wonderful Wizard of Oz, their friendship reaches a crossroads.",https://www.imdb.com/title/tt1262426/
Heretic,Two young religious women are drawn into a game of cat-and-mouse in the house of a strange man.,https://www.imdb.com/title/tt28015403/
The Wild Robot,A sentient robot stranded on an uninhabited island raises an orphaned gosling while trying to fit in with the local wildlife.,https://www.imdb.com/title/tt29623480/
Longlegs,"In pursuit of a serial killer, an FBI agent uncovers a series of occult clues that she must solve to end his terrifying killing spree.",https://www.imdb.com/title/tt23468450/
Twisters,"Kate Carter, a retired tornado-chaser and meteorologist, is persuaded to return to Oklahoma to work with a new team and new technologies.",https://www.imdb.com/title/tt12584954/
Carry-On,A mysterious traveler blackmails a young TSA agent into letting a dangerous package slip through security and onto a Christmas Eve flight.,https://www.imdb.com/title/tt21382296/
Road House,"Ex-UFC fighter Dalton takes a job as a bouncer at a Florida Keys roadhouse, only to discover that this paradise is not all it seems.",https://www.imdb.com/title/tt3359350/
Joker: Folie à Deux,"Struggling with his dual identity, failed comedian Arthur Fleck meets the love of his life, Harley Quinn, while incarcerated at Arkham State Hospital.",https://www.imdb.com/title/tt11315808/
Challengers,"Tashi, a former tennis prodigy-turned-coach, transformed her husband into a champion. But to overcome a recent losing streak and redeem himself, he'll need to face off against his former best friend--Tashi's ex-boyfriend.",https://www.imdb.com/title/tt16426418/
A Quiet Place: Day One,A young woman named Sam finds herself trapped in New York City during the early stages of an invasion by alien creatures with ultra-sensitive hearing.,https://www.imdb.com/title/tt13433802/
Beetlejuice Beetlejuice,"After a family tragedy, three generations of the Deetz family return home to Winter River. Still haunted by Beetlejuice, Lydia's life is turned upside down when her teenage daughter, Astrid, accidentally opens the portal to the Afterlife.",https://www.imdb.com/title/tt2049403/
Kingdom of the Planet of the Apes,"Many years after the reign of Caesar, a young ape goes on a journey that will lead him to question everything he's been taught about the past and make choices that will define a future for apes and humans alike.",https://www.imdb.com/title/tt11389872/
Trap,A father and his teen daughter attend a pop concert only to realize they've entered the center of a dark and sinister event.,https://www.imdb.com/title/tt26753003/
I'm Still Here,A woman married to a former politician during the military dictatorship in Brazil is forced to reinvent herself and chart a new course for her family after a violent and arbitrary act.,https://www.imdb.com/title/tt14961016/
The Ministry of Ungentlemanly Warfare,The British military recruits a small group of highly skilled soldiers to strike against German forces behind enemy lines during World War II.,https://www.imdb.com/title/tt5177120/
Red One,"After Santa Claus is kidnapped, the North Pole's Head of Security must team up with a notorious hacker in a globe-trotting, action-packed mission to save Christmas.",https://www.imdb.com/title/tt14948432/
A Real Pain,"Mismatched cousins reunite for a tour through Poland to honor their beloved grandmother, but their old tensions resurface against the backdrop of their family history.",https://www.imdb.com/title/tt21823606/
Venom: The Last Dance,Eddie Brock and Venom must make a devastating decision as they're pursued by a mysterious military man and alien monsters from Venom's home world.,https://www.imdb.com/title/tt16366836/
The Brutalist,A visionary architect flees post-war Europe in 1947 for a brighter future in the United States and finds his life forever changed by a wealthy client.,https://www.imdb.com/title/tt8999762/
Smile 2,"About to embark on a world tour, global pop sensation Skye Riley begins experiencing increasingly terrifying and inexplicable events. Overwhelmed by the escalating horrors and the pressures of fame, Skye is forced to face her past.",https://www.imdb.com/title/tt29268110/
Flow,"Cat is a solitary animal, but as its home is devastated by a great flood, he finds refuge on a boat populated by various species, and will have to team up with them despite their differences.",https://www.imdb.com/title/tt4772188/
Speak No Evil,"A family is invited to spend a whole weekend in a lonely home in the countryside, but as the weekend progresses, they realize that a dark side lies within the family who invited them.",https://www.imdb.com/title/tt27534307/
Godzilla X Kong: The New Empire,"Two ancient titans, Godzilla and Kong, clash in an epic battle as humans unravel their intertwined origins and connection to Skull Island's mysteries.",https://www.imdb.com/title/tt14539740/
Blink Twice,"When tech billionaire Slater King meets cocktail waitress Frida at his fundraising gala, he invites her to join him and his friends on a dream vacation on his private island. As strange things start to happen, Frida questions her reality.",https://www.imdb.com/title/tt14858658/
Emilia Pérez,"It follows three remarkable women in Mexico, each pursuing their own happiness. Cartel leader Emilia enlists unappreciated lawyer Rita to help fake her death so that she can finally live authentically as her true self.",https://www.imdb.com/title/tt20221436/
Juror #2,"While serving as a juror in a high-profile murder trial, a family man finds himself struggling with a serious moral dilemma, one he could use to sway the jury verdict and potentially convict or free the wrong killer.",https://www.imdb.com/title/tt27403986/
Moana 2,"After receiving an unexpected call from her wayfinding ancestors, Moana must journey to the far seas of Oceania and into dangerous, long-lost waters for an adventure unlike anything she's ever faced.",https://www.imdb.com/title/tt13622970/
Abigail,"After a group of criminals kidnap the ballerina daughter of a powerful underworld figure, they retreat to an isolated mansion, unaware that they're locked inside with no normal little girl.",https://www.imdb.com/title/tt27489557/
Damsel,"A dutiful damsel agrees to marry a handsome prince, only to find the royal family has recruited her as a sacrifice to repay an ancient debt.",https://www.imdb.com/title/tt13452446/
A Complete Unknown,"In 1961, an unknown 19-year-old Bob Dylan arrives in New York City with his guitar and forges relationships with musical icons on his meteoric rise, culminating in a groundbreaking performance that reverberates around the world.",https://www.imdb.com/title/tt11563598/
Madame Web,"Forced to confront her past, Cassandra Webb, a Manhattan paramedic that may have clairvoyant abilities, forms a relationship with three young women destined for powerful futures, if they can survive their threatening present.",https://www.imdb.com/title/tt11057302/
Bad Boys: Ride or Die,"When their late police captain gets linked to drug cartels, wisecracking Miami cops Mike Lowrey and Marcus Burnett embark on a dangerous mission to clear his name.",https://www.imdb.com/title/tt4919268/
Ghostbusters: Frozen Empire,"When the discovery of an ancient artifact unleashes an evil force, Ghostbusters new and old must join forces to protect their home and save the world from a second ice age.",https://www.imdb.com/title/tt21235248/
Wolfs,"Two rival fixers cross paths when they're both called in to help cover up a prominent New York official's misstep. Over one explosive night, they'll have to set aside their petty grievances and their egos to finish the job.",https://www.imdb.com/title/tt14257582/
Rebel Ridge,A former Marine grapples his way through a web of small-town corruption when an attempt to post bail for his cousin escalates into a violent standoff with the local police chief.,https://www.imdb.com/title/tt11301886/
It Ends with Us,"When a woman's first love suddenly reenters her life, her relationship with a charming, but abusive neurosurgeon is upended and she realizes she must learn to rely on her own strength to make an impossible choice for her future.",https://www.imdb.com/title/tt10655524/
Argylle,A reclusive author who writes espionage novels about a secret agent and a global spy syndicate realizes that the plot of the new book she's writing starts to mirror real-world events in real time.,https://www.imdb.com/title/tt15009428/
Monkey Man,An anonymous young man unleashes a campaign of vengeance against the corrupt leaders who murdered his mother and continue to systematically victimize the poor and powerless.,https://www.imdb.com/title/tt9214772/
MaXXXine,"In 1980s Hollywood, adult film star and aspiring actress Maxine Minx finally gets her big break. But as a mysterious killer stalks the starlets of Hollywood, a trail of blood threatens to reveal her sinister past.",https://www.imdb.com/title/tt22048412/
Beverly Hills Cop: Axel F,Axel Foley returns to Beverly Hills after his daughter's life is threatened for a family reunion that includes old pals John Taggart and Billy Rosewood to uncover a conspiracy.,https://www.imdb.com/title/tt3083016/
The Idea of You,"Solène, a 40-year-old single mom, begins an unexpected romance with 24-year-old Hayes Campbell, the lead singer of August Moon, the hottest boy band on the planet.",https://www.imdb.com/title/tt9466114/
Kung Fu Panda 4,"After Po is tapped to become the Spiritual Leader of the Valley of Peace, he needs to find and train a new Dragon Warrior, while a wicked sorceress plans to re-summon all the master villains whom Po has vanquished to the spirit realm.",https://www.imdb.com/title/tt21692408/
Kraven the Hunter,"Kraven's complex relationship with his ruthless father, Nikolai Kravinoff, starts him down a path of vengeance with brutal consequences, motivating him to become not only the greatest hunter in the world, but also one of its most feared.",https://www.imdb.com/title/tt8790086/
Mufasa: The Lion King,"Mufasa, a cub lost and alone, meets a sympathetic lion named Taka, the heir to a royal bloodline. The chance meeting sets in motion an expansive journey of a group of misfits searching for their destiny.",https://www.imdb.com/title/tt13186482/
Maharaja,"A barber seeks vengeance after his home is burglarized, cryptically telling police his ""lakshmi"" has been taken, leaving them uncertain if it's a person or object. His quest to recover the elusive ""lakshmi"" unfolds.",https://www.imdb.com/title/tt26548265/
Babygirl,A high-powered CEO puts her career and family on the line when she begins a torrid affair with her much-younger intern.,https://www.imdb.com/title/tt30057084/
Sonic the Hedgehog 3,"Sonic, Knuckles, and Tails reunite against a powerful new adversary, Shadow, a mysterious villain with powers unlike anything they have faced before. With their abilities outmatched, Team Sonic must seek out an unlikely alliance.",https://www.imdb.com/title/tt18259086/
Despicable Me 4,"Gru, Lucy, Margo, Edith, and Agnes welcome a new member to the family, Gru Jr., who is intent on tormenting his dad. Gru faces a new nemesis in Maxime Le Mal and his girlfriend Valentina, and the family is forced to go on the run.",https://www.imdb.com/title/tt7510222/
Bhool Bhulaiyaa 3,"Ruhaan, a fraudster posing as an exorcist, takes on a lucrative case at a haunted castle, unraveling a sinister plot involving mischievous priests, culminating in a hilarious yet thrilling ride filled with unexpected twists and scares.",https://www.imdb.com/title/tt26932223/
Kalki 2898 AD,A pregnant woman comes under the protection of an immortal warrior while being tracked down by bounty hunters.,https://www.imdb.com/title/tt12735488/
Singham Again,"Bajirao Singham and a team of super cops must rescue his wife, Avni, who is producing a stage play based on the Ramayana, from a villainous kidnapper.",https://www.imdb.com/title/tt11976134/
The Apprentice,"A young man took over his father's real-estate business in 1970s and '80s New York, and got the helping hand of an infamous closeted gay lawyer who helped him turn this young man into a notorious legend. Based on true events.",https://www.imdb.com/title/tt8368368/
The Life of Chuck,"A life-affirming, genre-bending story about three chapters in the life of an ordinary man named Charles Krantz.",https://www.imdb.com/title/tt12908150/
We Live in Time,"After an unusual encounter, a talented chef and a recent divorcée fall in love and build the home and family they've always dreamed of, until a painful truth puts their love story to the test.",https://www.imdb.com/title/tt27131358/
Kinds of Kindness,"A man seeks to break free from his predetermined path, a cop questions his wife's demeanor after her return from a supposed drowning, and a woman searches for an extraordinary individual prophesied to become a renowned spiritual guide.",https://www.imdb.com/title/tt22408160/
The First Omen,"A young American woman is sent to Rome to begin a life of service to the church, but encounters a darkness that causes her to question her faith and uncovers a terrifying conspiracy that hopes to bring about the birth of evil incarnate.",https://www.imdb.com/title/tt5672290/
The Watchers,"A young artist gets stranded in an extensive, immaculate forest in western Ireland, where, after finding shelter, she becomes trapped alongside three strangers, stalked by mysterious creatures each night.",https://www.imdb.com/title/tt26736843/
Do Patti,Twin sisters harbouring deep secrets and a determined police inspector seeking to uncover the truth in an attempted murder case.,https://www.imdb.com/title/tt28075881/
IF,A young girl who goes through a difficult experience begins to see everyone's imaginary friends who have been left behind as their real-life friends have grown up.,https://www.imdb.com/title/tt11152168/
Pushpa: The Rule - Part 2,"As his smuggling empire grows, a brazen Pushpa longs for power and respect on his vengeful journey, while facing old rivals and new.",https://www.imdb.com/title/tt16539454/
Transformers One,"The untold origin story of Optimus Prime and Megatron, better known as sworn enemies, but who once were friends bonded like brothers who changed the fate of Cybertron forever.",https://www.imdb.com/title/tt8864596/
Love Lies Bleeding,"Reclusive gym manager Lou falls hard for Jackie, an ambitious bodybuilder headed through town to Vegas in pursuit of her dream. But their love ignites violence, pulling them deep into the web of Lou's criminal family.",https://www.imdb.com/title/tt19637052/
Rebel Moon - Part Two: The Scargiver,"Kora and surviving warriors prepare to defend Veldt, their new home, alongside its people against the Realm. The warriors face their pasts, revealing their motivations before the Realm's forces arrive to crush the growing rebellion.",https://www.imdb.com/title/tt23137904/
Terrifier 3,Art the Clown is set to unleash chaos on the unsuspecting residents of Miles County as they peacefully drift off to sleep on Christmas Eve.,https://www.imdb.com/title/tt27911000/
The Order,A series of bank robberies and car heists frightens communities in the Pacific Northwest. A lone FBI agent believes that the crimes were not the work of financially motivated criminals but rather a group of dangerous domestic terrorists.,https://www.imdb.com/title/tt26625693/
Ricky Stanicky,"When three childhood best friends pull a prank that goes wrong, they invent the imaginary Ricky Stanicky to get them out of trouble. Twenty years later, they still use the nonexistent Ricky as a handy alibi for their immature behavior.",https://www.imdb.com/title/tt1660648/
Immaculate,"Cecilia, a woman of devout faith, is warmly welcomed to the picture-perfect Italian countryside where she is offered a new role at an illustrious convent. But it becomes clear to Cecilia that her new home harbors dark and horrifying secrets.",https://www.imdb.com/title/tt23137390/
Oddity,A psychic medium attempts to uncover the truth behind her sister's murder at the site of the crime.,https://www.imdb.com/title/tt26470109/
Atlas,"In a bleak-sounding future, an A.I. soldier has determined that the only way to end war is to end humanity.",https://www.imdb.com/title/tt14856980/
Fly Me to the Moon,"Marketing maven Kelly Jones wreaks havoc on NASA launch director Cole Davis's already difficult task. When the White House deems the mission too important to fail, the countdown truly begins.",https://www.imdb.com/title/tt1896747/
Land of Bad,A Delta Force team fights for survival as an Air Force drone pilot becomes its eyes in the sky.,https://www.imdb.com/title/tt19864802/
Borderlands,"An infamous bounty hunter returns to her childhood home, the chaotic planet Pandora, and forms an unlikely alliance with a team of misfits to find the missing daughter of the most powerful man in the universe.",https://www.imdb.com/title/tt4978420/
The Union,"Construction worker Mike is thrust into the world of espionage when his high school sweetheart, Roxanne, recruits him for a high-stakes intelligence mission.",https://www.imdb.com/title/tt12610390/
Caddo Lake,"When an 8-year-old girl disappears on Caddo Lake, a series of past deaths and disappearances begin to link together, altering a broken family's history.",https://www.imdb.com/title/tt15552142/
Shaitaan,"A family's getaway turns terrifying when an intruder possesses the teen daughter's body, putting her at the mercy of his increasingly sinister commands.",https://www.imdb.com/title/tt27744786/
Teri Baaton Mein Aisa Uljha Jiya,"Aryan is not able to find a perfect life partner. He meets a perfect girl, Sifra, during an official assignment in the US and falls in love with her only to discover later that it's an impossible love story.",https://www.imdb.com/title/tt27459160/
Fighter,A reckless yet brilliant squadron leader and his team of elite fighter pilots face mortal dangers and inner demons as they unite for a deadly mission.,https://www.imdb.com/title/tt13818368/
Lift,A female master thief and her ex-boyfriend who works for the FBI team up to steal $100M worth of gold bullion being transported on a 777 passenger flight from London to Zurich.,https://www.imdb.com/title/tt14371878/
It's What's Inside,"A group of friends gather for a pre-wedding party that descends into an existential nightmare when an estranged friend arrives with a mysterious game that awakens long-hidden secrets, desires and grudges.",https://www.imdb.com/title/tt14577874/
Murder Mubarak,"During a murder investigation, a non-traditional police officer turns a spotlight on an array of suspects. He steps into their world as an outsider, only to find there is so much more than what meets the eye.",https://www.imdb.com/title/tt27028399/
No Other Land,This film made by a Palestinian-Israeli collective shows the destruction of the occupied West Bank's Masafer Yatta by Israeli soldiers and the alliance which develops between the Palestinian activist Basel and Israeli journalist Yuval.,https://www.imdb.com/title/tt30953759/
The Goat Life,"An Indian man seeking work follows a job lead to Saudi Arabia, only to find himself forced to labor without pay as a goat herder in the remote desert.",https://www.imdb.com/title/tt5525650/
The Count of Monte Cristo,"After escaping from an island prison where he spent 14 years for being wrongly accused of state treason, Edmond Dantès returns as the count of Monte Cristo to exact revenge on the men who betrayed him.",https://www.imdb.com/title/tt26446278/
Spaceman,"Half a year into his solo mission on the edge of the solar system, an astronaut concerned with the state of his life back on Earth is helped by an ancient creature he discovers in the bowels of his ship.",https://www.imdb.com/title/tt11097384/
Mahavatar Narsimha,The demon Hiranyakashyap seeks revenge on Vishnu and declares himself a god. His son Prahlad remains devoted to Vishnu. Vishnu manifests as Narsimha to defeat the demon and restore balance.,https://www.imdb.com/title/tt34365591/
My Old Ass,"A mushroom trip brings free-spirited Elliott face-to-face with her 39-year-old self. But when Elliott's ""old ass"" delivers warnings to her younger self, Elliott realizes she has to rethink everything about her family, life and love.",https://www.imdb.com/title/tt18559464/
The Platform 2,"A thrilling physical journey that allows an approach to the darkness, where it is scary to look. It appeals to the viewer's civil responsibility and forces them to face the limits of their own solidarity.",https://www.imdb.com/title/tt27729779/
Stree 2,"After the events of Stree, the town of Chanderi is being haunted again. This time, women are mysteriously abducted by a terrifying headless entity. Once again, it's up to Vicky and his friends to save their town and loved ones.",https://www.imdb.com/title/tt27510174/
I Saw the TV Glow,"In late-90s suburbia, a lonely teenager meets a girl at school who introduces him to a mysterious late-night T.V. show. As time goes on, however, questions begin to arise about why the show sometimes seems more real than their own lives.",https://www.imdb.com/title/tt15574270/
Better Man,"A singular profile of pop superstar Robbie Williams, chronicling his meteoric rise, dramatic fall, and remarkable resurgence.",https://www.imdb.com/title/tt14260836/
Don't Move,"A seasoned killer injects a grieving woman with a paralytic agent. She must run, fight and hide before her body shuts down.",https://www.imdb.com/title/tt24807110/
Eden,"Based on a factual account of a group of outsiders who settle on a remote island only to discover their greatest threat isn't the brutal climate or deadly wildlife, but each other.",https://www.imdb.com/title/tt23149780/
Horizon: An American Saga - Chapter 1,"Chronicles a multi-faceted, 15-year span of pre-and post-Civil War expansion and settlement of the American west.",https://www.imdb.com/title/tt17505010/
The Instigators,Follows two robbers who must go on the run with the help of one of their therapists after a theft doesn't go as planned.,https://www.imdb.com/title/tt24169886/
Presence,A family becomes convinced they are not alone after moving into their new home in the suburbs.,https://www.imdb.com/title/tt28249919/
Madgaon Express,The journey of three childhood friends who embark on a trip to Goa that goes completely off-track.,https://www.imdb.com/title/tt26745657/
Lucky Baskhar,A cash-strapped cashier working at a bank embarks on a risky investment scheme and soon gets drawn into the murky world of money laundering.,https://www.imdb.com/title/tt27540542/
Megalopolis,"The city of New Rome faces the duel between Cesar Catilina, a brilliant artist in favor of a Utopian future, and the greedy mayor Franklyn Cicero. Between them is Julia Cicero, with her loyalty divided between her father and her beloved.",https://www.imdb.com/title/tt10128846/
The Crow,"Soulmates Eric and Shelly are brutally murdered. Given a chance to save the love of his life, Eric must sacrifice himself and traverse the worlds of the living and the dead, seeking revenge.",https://www.imdb.com/title/tt1340094/
Wallace & Gromit: Vengeance Most Fowl,Top dog Gromit springs into action to save his master when Wallace's high-tech invention goes rogue and he is framed for a series of suspicious crimes.,https://www.imdb.com/title/tt17163970/
Salem's Lot,"An author returns to his hometown of Jerusalem's Lot in search of inspiration for his next book, only to discover that the townspeople are being attacked by a bloodthirsty vampire.",https://www.imdb.com/title/tt10245072/
Mean Girls,"Cady Heron is a hit with the Plastics, an A-list girl clique at her new school. But everything changes when she makes the mistake of falling for Aaron Samuels, the ex-boyfriend of alpha Plastic Regina George.",https://www.imdb.com/title/tt11762114/
Vettaiyan,Ruthless criminal activity is met with force from a maverick police officer with a disregard for the rules as he confronts an outbreak of lawlessness.,https://www.imdb.com/title/tt26936666/
Auron Mein Kahan Dum Tha,"After 20 years in prison, a man reunites with his lost love and the truth behind his crimes is revealed.",https://www.imdb.com/title/tt26659814/
Bade Miyan Chote Miyan,Two elite soldiers with troubled pasts are enlisted for a daring mission when a deadly masked villain threatens India's defenses.,https://www.imdb.com/title/tt18072316/
Friendship,A suburban dad falls hard for his charismatic new neighbor.,https://www.imdb.com/title/tt30505698/
The Lord of the Rings: The War of the Rohirrim,"A sudden attack by Wulf, a clever and traitorous lord of Rohan seeking vengeance for the death of his father, forces Helm Hammerhand, the King of Rohan, and his people to make a daring last stand in the ancient stronghold of the Hornburg.",https://www.imdb.com/title/tt14824600/
Color of Victory,"The days when Istanbul was occupied as a result of the Armistice of Mudros after the First World War and the Fenerbahce football team won the ""Harington Cup""",https://www.imdb.com/title/tt29808429/
A Family Affair,"A surprising romance kicks off comic consequences for a young woman, her mother, and her movie-star boss as they face the complications of love, sex, and identity.",https://www.imdb.com/title/tt21051906/
Under Paris,"To save Paris from a bloodbath, a grieving scientist is forced to face her tragic past when a giant shark appears in the Seine.",https://www.imdb.com/title/tt13964390/
Tarot,"When a group of friends recklessly violates the sacred rule of Tarot readings, they unknowingly unleash an unspeakable evil trapped within the cursed cards. One by one, they come face to face with fate and end up in a race against death.",https://www.imdb.com/title/tt14088510/
Crew,Follows three hard-working women as their destinies lead to some unwarranted situations and they end up caught in a web of lies.,https://www.imdb.com/title/tt21383812/
Arthur the King,An adventure racer adopts a stray dog named Arthur to join him in an epic endurance race.,https://www.imdb.com/title/tt10720352/
Bob Marley: One Love,"The story of how reggae icon Bob Marley overcame adversity, and the journey behind his revolutionary music.",https://www.imdb.com/title/tt8521778/
Saturday Night,"At 11:30pm on October 11th, 1975, a ferocious troupe of young comedians and writers changed television forever. Find out what happened behind the scenes in the 90 minutes leading up to the first broadcast of Saturday Night Live (1975).",https://www.imdb.com/title/tt27657135/
A Different Man,"An aspiring actor undergoes a radical medical procedure to drastically transform his appearance, but his new dream face quickly turns into a nightmare.",https://www.imdb.com/title/tt21097228/
Small Things Like These,In 1985 devoted father Bill Furlong discovers disturbing secrets kept by the local convent and uncovers shocking truths of his own.,https://www.imdb.com/title/tt27196021/
Relay,A broker of lucrative payoffs between corrupt corporations and the individuals who threaten them breaks his own rules when a new client seeks his protection to stay alive.,https://www.imdb.com/title/tt11539996/
Uglies,A world in which a compulsory operation wipes out physical differences and makes everyone pretty.,https://www.imdb.com/title/tt13186604/
Unfrosted,"In 1963 Michigan, business rivals Kellogg's and Post compete to create a cake that could change breakfast forever.",https://www.imdb.com/title/tt14914430/
September 5,"During the 1972 Summer Olympics in Munich, Germany, an American sports broadcasting team must adapt to live coverage of the Israeli athletes being held hostage by a terrorist group.",https://www.imdb.com/title/tt28082769/
Savi,"Savi a simple housewife attempts a daring jailbreak to get her husband out of one of England's high security prisons With 400 inmates, 75 armed guards, 60 surveillance cameras.",https://www.imdb.com/title/tt32308617/
Subservience,"A family man buys a domestic android after his wife's hospitalization. The android develops obsessive attachment, manipulates the household, eliminates perceived rivals, and ultimately attempts to claim his wife's heart literally.",https://www.imdb.com/title/tt24871974/
Martin,"A journey of a man discovering himself, finding love and fighting for his motherland. Can he hold the fort on all three gates?",https://www.imdb.com/title/tt15334030/
Chandu Champion,A man who faced one adversary after another with an undying spirit. His unwavering zeal and never give up attitude led to India's first individual gold medal in any form of the Olympics.,https://www.imdb.com/title/tt27470893/
Paddington in Peru,"Paddington returns to Peru to visit his beloved Aunt Lucy, who now resides at the Home for Retired Bears. With the Brown family in tow, a thrilling adventure ensues when a mystery plunges them into an unexpected journey.",https://www.imdb.com/title/tt5822536/
Cuckoo,A 17-year-old is forced to move with her family to a resort where things are not what they seem.,https://www.imdb.com/title/tt12349832/
Jackpot!,"In the near future, a 'Grand Lottery' has been newly established in California - the catch: kill the winner before sundown to legally claim their multi-billion dollar jackpot.",https://www.imdb.com/title/tt26940324/
Manjummel Boys,"A group of friends get into a daring rescue mission to save their friend from Guna Caves, a perilously deep pit from where nobody has ever been brought back.",https://www.imdb.com/title/tt26458038/
Upgraded,"Ana, an ambitious intern at an art auction house in New York City, misrepresents herself to a handsome wealthy man as the director. As their romance develops, her deception creates challenges that threaten her career and relationship.",https://www.imdb.com/title/tt21830902/
Aavesham,Three teenagers reach Bangalore for their engineering degree and gets involved in a fight with seniors. They find a local gangster named Ranga to help them take revenge.,https://www.imdb.com/title/tt26660021/
Lisa Frankenstein,"A coming of RAGE love story about a teenager and her crush, who happens to be a corpse. After a set of horrific circumstances bring him back to life, the two embark on a journey to find love, happiness - and a few missing body parts.",https://www.imdb.com/title/tt21188080/
The Six Triple Eight,"During World War II, 855 women joined the fight to fix the three-year backlog of undelivered mail. Faced with discrimination and a country devastated by war, they managed to sort more than 17 million pieces of mail ahead of time.",https://www.imdb.com/title/tt24458622/
Back to Black,"The life and music of singer Amy Winehouse, through the journey of adolescence to adulthood and the creation of one of the best-selling albums of our time.",https://www.imdb.com/title/tt21261712/
In a Violent Nature,"When a locket is removed from a collapsed fire tower in the woods that entombs the rotting corpse of Johnny, a vengeful spirit spurred on by a horrific 70-year old crime, his body is resurrected and becomes hellbent on retrieving it.",https://www.imdb.com/title/tt30321146/
Attack on Titan: The Last Attack,"The fate of the world hangs in the balance as Eren unleashes the ultimate power of the Titans. With a burning determination to eliminate all who threaten Eldia, he leads an unstoppable army of Colossal Titans towards Marley.",https://www.imdb.com/title/tt33175825/
Elevation,A single father and two women venture from the safety of their homes to face monstrous creatures to save the life of a young boy.,https://www.imdb.com/title/tt23558280/
Merry Christmas,Two strangers meet on a fateful Christmas Eve. A night of delirious romance turns into a nightmare. Revealing anything more would be a crime.,https://www.imdb.com/title/tt15392282/
Hanu Man,An imaginary place called Anjanadri where the protagonist gets the powers of Hanuman and fights for Anjanadri.,https://www.imdb.com/title/tt15433956/
Queer,"In 1950s Mexico City, an American immigrant in his late forties leads a solitary life amidst a small American community. However, the arrival of a young student stirs the man into finally establishing a meaningful connection with someone.",https://www.imdb.com/title/tt24176060/
The Strangers: Chapter 1,"After their car breaks down in an eerie small town, a young couple is forced to spend the night in a remote cabin. Panic ensues as they are terrorized by three masked strangers who strike with no mercy and seemingly no motive.",https://www.imdb.com/title/tt22050754/
Exhuma,The process of excavating an ominous grave unleashes dreadful consequences buried underneath.,https://www.imdb.com/title/tt27802490/
Thelma,"When 93-year-old Thelma Post gets duped by a phone scammer pretending to be her grandson, she sets out on a treacherous quest across the city to reclaim what was taken from her.",https://www.imdb.com/title/tt23778968/
Munjya,"A young man's visit to his native village unveils a family secret and a vengeful spirit, the Munjya, who wants to get married. Now the young man must fight to protect himself and his love from Munjya's clutches.",https://www.imdb.com/title/tt27995594/
Drive-Away Dolls,"Jamie regrets her breakup with her girlfriend, while Marian needs to relax. In search of a fresh start, they embark on an unexpected road trip to Tallahassee. Things quickly go awry when they cross paths with a group of inept criminals.",https://www.imdb.com/title/tt19356262/
Khel Khel Mein,Revolves around a group of friends who gather for a dinner and end up revealing secrets about each other.,https://www.imdb.com/title/tt27056012/
Article 370,"Ahead of a major constitutional decision, special agent Zooni Haksar is tasked with a secret mission to quell violence in a conflict-ridden region.",https://www.imdb.com/title/tt30970235/
Here,"A generational story about families and the special place they inhabit, sharing in love, loss, laughter, and life.",https://www.imdb.com/title/tt18272208/
The Garfield Movie,"After Garfield's unexpected reunion with his long-lost father, ragged alley cat Vic, he and his canine friend Odie are forced from their perfectly pampered lives to join Vic on a risky heist.",https://www.imdb.com/title/tt5779228/
Arcadian,A father and his twin teenage sons fight to survive in a remote farmhouse at the end of the world.,https://www.imdb.com/title/tt22939186/
The Room Next Door,"Ingrid and Martha were close friends in their youth, when they worked together at the same magazine. After years of being out of touch, they meet again in an extreme but strangely sweet situation.",https://www.imdb.com/title/tt29439114/
Miller's Girl,A creative writing assignment yields complex results between a teacher and his talented student.,https://www.imdb.com/title/tt8310486/
Bad Newz,"A crazy laugh riot which will show the outcomes of two sophisticated Punjabi men and a Punjabi girl. One of the men has a one night stand with the girl and somehow, craziness happens when she is pregnant unexpectedly.",https://www.imdb.com/title/tt24517830/
Fight or Flight,A mercenary takes on the job of tracking down a target on a plane but must protect that target when they're surrounded by people trying to kill both of them.,https://www.imdb.com/title/tt13652286/
Sleeping Dogs,"An ex-homicide detective with memory loss is forced to solve a brutal murder, only to uncover chilling secrets from his forgotten past.",https://www.imdb.com/title/tt8542964/
Sector 36,"A fictional story Inspired by true events, several children go missing from a basti (slum) in Sector 36. A determined police officer must now face off with a cunning serial killer as a chilling investigation and dark secrets unfold.",https://www.imdb.com/title/tt21626774/
Our Little Secret,Two resentful exes must awkwardly spend Christmas together after they learn that their new partners are siblings.,https://www.imdb.com/title/tt31022050/
Sikandar Ka Muqaddar,"After an unsolved diamond heist, a hard-nosed cop's pursuit of his key suspect turns into obsession, until they finally face each other and the truth.",https://www.imdb.com/title/tt31522415/
The Greatest of All Time,"Gandhi is a hostage negotiator, field agent, and spy working for the Special Anti-Terrorist Squad (SATS). After years of service, he is called back for a critical mission that sets him on a dangerous collision course with his own past.",https://www.imdb.com/title/tt27487934/
Memoir of a Snail,"A bittersweet memoir of a melancholic woman called Grace Pudel - a hoarder of snails, romance novels, and guinea pigs.",https://www.imdb.com/title/tt23770030/
Marco,"The adoptive son of the Adattu family, Marco, sets off on a ruthless quest for vengeance after his brother is brutally murdered, finding only betrayal, loss and unimaginable brutality at every step.",https://www.imdb.com/title/tt29383379/
The Sabarmati Report,"A Hindi reporter struggles with a deadly fact when a train full of Karsewaks is set ablaze in Godhra. Years later, he is asked to help expose the Sabarmati Incident backed by a buried report.",https://www.imdb.com/title/tt30889755/
Ulajh,"The journey of a young IFS officer, belonging to a prominent family of patriots, who gets embroiled in a dangerous personal conspiracy while far from her home turf, at a career-defining post.",https://www.imdb.com/title/tt19838634/
Dune: Part Two,"Paul Atreides unites with the Fremen while on a warpath of revenge against the conspirators who destroyed his family. Facing a choice between the love of his life and the fate of the universe, he endeavors to prevent a terrible future.",https://www.imdb.com/title/tt15239678/
Deadpool & Wolverine,"Deadpool is offered a place in the Marvel Cinematic Universe by the Time Variance Authority, but instead recruits a variant of Wolverine to save his universe from extinction.",https://www.imdb.com/title/tt6263850/
The Substance,"A fading celebrity takes a black-market drug: a cell-replicating substance that helps her create a younger, better version of herself.",https://www.imdb.com/title/tt17526714/
Furiosa: A Mad Max Saga,"After being snatched from the Green Place of Many Mothers, while the tyrants Dementus and Immortan Joe fight for power and control, the young Furiosa must survive many trials as she puts together the means to find her way home.",https://www.imdb.com/title/tt12037194/
Gladiator II,"After his home is conquered by the tyrannical emperors who now lead Rome, Lucius is forced to enter the Colosseum and must look to his past to find strength to return the glory of Rome to its people.",https://www.imdb.com/title/tt9218128/
Anora,"A young stripper from Brooklyn impulsively marries the son of Russian oligarchs, but her fairy tale is threatened when his parents set out for New York to get the marriage annulled.",https://www.imdb.com/title/tt28607951/
Alien: Romulus,"While scavenging the deep ends of a derelict space station, a group of young space colonists come face to face with the most terrifying life form in the universe.",https://www.imdb.com/title/tt18412256/
Conclave,"When Cardinal Lawrence is tasked with leading the selection of a new Pope, he finds himself in a web of conspiracy and intrigue that could shake the very foundations of the Catholic Church.",https://www.imdb.com/title/tt20215234/
Civil War,"In the midst of a U.S. civil war, four reporters make the dangerous trip to the capital to interview the president before he is overthrown.",https://www.imdb.com/title/tt17279496/
Nosferatu,"A gothic tale of obsession between a haunted young woman and the terrifying vampire infatuated with her, causing untold horror in its wake.",https://www.imdb.com/title/tt5040012/
The Fall Guy,"A stuntman, fresh off an almost career-ending accident, has to track down a missing movie star, solve a conspiracy and try to win back the love of his life while still doing his day job.",https://www.imdb.com/title/tt1684562/
Inside Out 2,"A sequel that features Riley entering puberty and experiencing brand new, more complex emotions as a result. As Riley tries to adapt to her teenage years, her old emotions try to adapt to the possibility of being replaced.",https://www.imdb.com/title/tt22022452/
Wicked,"Elphaba, a young woman ridiculed for her green skin, and Galinda, a popular girl, become friends at Shiz University in the Land of Oz. After an encounter with the Wonderful Wizard of Oz, their friendship reaches a crossroads.",https://www.imdb.com/title/tt1262426/
Heretic,Two young religious women are drawn into a game of cat-and-mouse in the house of a strange man.,https://www.imdb.com/title/tt28015403/
The Wild Robot,A sentient robot stranded on an uninhabited island raises an orphaned gosling while trying to fit in with the local wildlife.,https://www.imdb.com/title/tt29623480/
Longlegs,"In pursuit of a serial killer, an FBI agent uncovers a series of occult clues that she must solve to end his terrifying killing spree.",https://www.imdb.com/title/tt23468450/
Twisters,"Kate Carter, a retired tornado-chaser and meteorologist, is persuaded to return to Oklahoma to work with a new team and new technologies.",https://www.imdb.com/title/tt12584954/
Carry-On,A mysterious traveler blackmails a young TSA agent into letting a dangerous package slip through security and onto a Christmas Eve flight.,https://www.imdb.com/title/tt21382296/
Road House,"Ex-UFC fighter Dalton takes a job as a bouncer at a Florida Keys roadhouse, only to discover that this paradise is not all it seems.",https://www.imdb.com/title/tt3359350/
Joker: Folie à Deux,"Struggling with his dual identity, failed comedian Arthur Fleck meets the love of his life, Harley Quinn, while incarcerated at Arkham State Hospital.",https://www.imdb.com/title/tt11315808/
Challengers,"Tashi, a former tennis prodigy-turned-coach, transformed her husband into a champion. But to overcome a recent losing streak and redeem himself, he'll need to face off against his former best friend--Tashi's ex-boyfriend.",https://www.imdb.com/title/tt16426418/
A Quiet Place: Day One,A young woman named Sam finds herself trapped in New York City during the early stages of an invasion by alien creatures with ultra-sensitive hearing.,https://www.imdb.com/title/tt13433802/
Beetlejuice Beetlejuice,"After a family tragedy, three generations of the Deetz family return home to Winter River. Still haunted by Beetlejuice, Lydia's life is turned upside down when her teenage daughter, Astrid, accidentally opens the portal to the Afterlife.",https://www.imdb.com/title/tt2049403/
Kingdom of the Planet of the Apes,"Many years after the reign of Caesar, a young ape goes on a journey that will lead him to question everything he's been taught about the past and make choices that will define a future for apes and humans alike.",https://www.imdb.com/title/tt11389872/
Trap,A father and his teen daughter attend a pop concert only to realize they've entered the center of a dark and sinister event.,https://www.imdb.com/title/tt26753003/
I'm Still Here,A woman married to a former politician during the military dictatorship in Brazil is forced to reinvent herself and chart a new course for her family after a violent and arbitrary act.,https://www.imdb.com/title/tt14961016/
The Ministry of Ungentlemanly Warfare,The British military recruits a small group of highly skilled soldiers to strike against German forces behind enemy lines during World War II.,https://www.imdb.com/title/tt5177120/
Red One,"After Santa Claus is kidnapped, the North Pole's Head of Security must team up with a notorious hacker in a globe-trotting, action-packed mission to save Christmas.",https://www.imdb.com/title/tt14948432/
A Real Pain,"Mismatched cousins reunite for a tour through Poland to honor their beloved grandmother, but their old tensions resurface against the backdrop of their family history.",https://www.imdb.com/title/tt21823606/
Venom: The Last Dance,Eddie Brock and Venom must make a devastating decision as they're pursued by a mysterious military man and alien monsters from Venom's home world.,https://www.imdb.com/title/tt16366836/
The Brutalist,A visionary architect flees post-war Europe in 1947 for a brighter future in the United States and finds his life forever changed by a wealthy client.,https://www.imdb.com/title/tt8999762/
Smile 2,"About to embark on a world tour, global pop sensation Skye Riley begins experiencing increasingly terrifying and inexplicable events. Overwhelmed by the escalating horrors and the pressures of fame, Skye is forced to face her past.",https://www.imdb.com/title/tt29268110/
Flow,"Cat is a solitary animal, but as its home is devastated by a great flood, he finds refuge on a boat populated by various species, and will have to team up with them despite their differences.",https://www.imdb.com/title/tt4772188/
Speak No Evil,"A family is invited to spend a whole weekend in a lonely home in the countryside, but as the weekend progresses, they realize that a dark side lies within the family who invited them.",https://www.imdb.com/title/tt27534307/
Godzilla X Kong: The New Empire,"Two ancient titans, Godzilla and Kong, clash in an epic battle as humans unravel their intertwined origins and connection to Skull Island's mysteries.",https://www.imdb.com/title/tt14539740/
Blink Twice,"When tech billionaire Slater King meets cocktail waitress Frida at his fundraising gala, he invites her to join him and his friends on a dream vacation on his private island. As strange things start to happen, Frida questions her reality.",https://www.imdb.com/title/tt14858658/
Emilia Pérez,"It follows three remarkable women in Mexico, each pursuing their own happiness. Cartel leader Emilia enlists unappreciated lawyer Rita to help fake her death so that she can finally live authentically as her true self.",https://www.imdb.com/title/tt20221436/
Juror #2,"While serving as a juror in a high-profile murder trial, a family man finds himself struggling with a serious moral dilemma, one he could use to sway the jury verdict and potentially convict or free the wrong killer.",https://www.imdb.com/title/tt27403986/
Moana 2,"After receiving an unexpected call from her wayfinding ancestors, Moana must journey to the far seas of Oceania and into dangerous, long-lost waters for an adventure unlike anything she's ever faced.",https://www.imdb.com/title/tt13622970/
Abigail,"After a group of criminals kidnap the ballerina daughter of a powerful underworld figure, they retreat to an isolated mansion, unaware that they're locked inside with no normal little girl.",https://www.imdb.com/title/tt27489557/
Damsel,"A dutiful damsel agrees to marry a handsome prince, only to find the royal family has recruited her as a sacrifice to repay an ancient debt.",https://www.imdb.com/title/tt13452446/
A Complete Unknown,"In 1961, an unknown 19-year-old Bob Dylan arrives in New York City with his guitar and forges relationships with musical icons on his meteoric rise, culminating in a groundbreaking performance that reverberates around the world.",https://www.imdb.com/title/tt11563598/
Madame Web,"Forced to confront her past, Cassandra Webb, a Manhattan paramedic that may have clairvoyant abilities, forms a relationship with three young women destined for powerful futures, if they can survive their threatening present.",https://www.imdb.com/title/tt11057302/
Bad Boys: Ride or Die,"When their late police captain gets linked to drug cartels, wisecracking Miami cops Mike Lowrey and Marcus Burnett embark on a dangerous mission to clear his name.",https://www.imdb.com/title/tt4919268/
Ghostbusters: Frozen Empire,"When the discovery of an ancient artifact unleashes an evil force, Ghostbusters new and old must join forces to protect their home and save the world from a second ice age.",https://www.imdb.com/title/tt21235248/
Wolfs,"Two rival fixers cross paths when they're both called in to help cover up a prominent New York official's misstep. Over one explosive night, they'll have to set aside their petty grievances and their egos to finish the job.",https://www.imdb.com/title/tt14257582/
Rebel Ridge,A former Marine grapples his way through a web of small-town corruption when an attempt to post bail for his cousin escalates into a violent standoff with the local police chief.,https://www.imdb.com/title/tt11301886/
It Ends with Us,"When a woman's first love suddenly reenters her life, her relationship with a charming, but abusive neurosurgeon is upended and she realizes she must learn to rely on her own strength to make an impossible choice for her future.",https://www.imdb.com/title/tt10655524/
Argylle,A reclusive author who writes espionage novels about a secret agent and a global spy syndicate realizes that the plot of the new book she's writing starts to mirror real-world events in real time.,https://www.imdb.com/title/tt15009428/
Monkey Man,An anonymous young man unleashes a campaign of vengeance against the corrupt leaders who murdered his mother and continue to systematically victimize the poor and powerless.,https://www.imdb.com/title/tt9214772/
MaXXXine,"In 1980s Hollywood, adult film star and aspiring actress Maxine Minx finally gets her big break. But as a mysterious killer stalks the starlets of Hollywood, a trail of blood threatens to reveal her sinister past.",https://www.imdb.com/title/tt22048412/
Beverly Hills Cop: Axel F,Axel Foley returns to Beverly Hills after his daughter's life is threatened for a family reunion that includes old pals John Taggart and Billy Rosewood to uncover a conspiracy.,https://www.imdb.com/title/tt3083016/
The Idea of You,"Solène, a 40-year-old single mom, begins an unexpected romance with 24-year-old Hayes Campbell, the lead singer of August Moon, the hottest boy band on the planet.",https://www.imdb.com/title/tt9466114/
Kung Fu Panda 4,"After Po is tapped to become the Spiritual Leader of the Valley of Peace, he needs to find and train a new Dragon Warrior, while a wicked sorceress plans to re-summon all the master villains whom Po has vanquished to the spirit realm.",https://www.imdb.com/title/tt21692408/
Kraven the Hunter,"Kraven's complex relationship with his ruthless father, Nikolai Kravinoff, starts him down a path of vengeance with brutal consequences, motivating him to become not only the greatest hunter in the world, but also one of its most feared.",https://www.imdb.com/title/tt8790086/
Mufasa: The Lion King,"Mufasa, a cub lost and alone, meets a sympathetic lion named Taka, the heir to a royal bloodline. The chance meeting sets in motion an expansive journey of a group of misfits searching for their destiny.",https://www.imdb.com/title/tt13186482/
Maharaja,"A barber seeks vengeance after his home is burglarized, cryptically telling police his ""lakshmi"" has been taken, leaving them uncertain if it's a person or object. His quest to recover the elusive ""lakshmi"" unfolds.",https://www.imdb.com/title/tt26548265/
Babygirl,A high-powered CEO puts her career and family on the line when she begins a torrid affair with her much-younger intern.,https://www.imdb.com/title/tt30057084/
Sonic the Hedgehog 3,"Sonic, Knuckles, and Tails reunite against a powerful new adversary, Shadow, a mysterious villain with powers unlike anything they have faced before. With their abilities outmatched, Team Sonic must seek out an unlikely alliance.",https://www.imdb.com/title/tt18259086/
Despicable Me 4,"Gru, Lucy, Margo, Edith, and Agnes welcome a new member to the family, Gru Jr., who is intent on tormenting his dad. Gru faces a new nemesis in Maxime Le Mal and his girlfriend Valentina, and the family is forced to go on the run.",https://www.imdb.com/title/tt7510222/
Bhool Bhulaiyaa 3,"Ruhaan, a fraudster posing as an exorcist, takes on a lucrative case at a haunted castle, unraveling a sinister plot involving mischievous priests, culminating in a hilarious yet thrilling ride filled with unexpected twists and scares.",https://www.imdb.com/title/tt26932223/
Kalki 2898 AD,A pregnant woman comes under the protection of an immortal warrior while being tracked down by bounty hunters.,https://www.imdb.com/title/tt12735488/
Singham Again,"Bajirao Singham and a team of super cops must rescue his wife, Avni, who is producing a stage play based on the Ramayana, from a villainous kidnapper.",https://www.imdb.com/title/tt11976134/
The Apprentice,"A young man took over his father's real-estate business in 1970s and '80s New York, and got the helping hand of an infamous closeted gay lawyer who helped him turn this young man into a notorious legend. Based on true events.",https://www.imdb.com/title/tt8368368/
The Life of Chuck,"A life-affirming, genre-bending story about three chapters in the life of an ordinary man named Charles Krantz.",https://www.imdb.com/title/tt12908150/
We Live in Time,"After an unusual encounter, a talented chef and a recent divorcée fall in love and build the home and family they've always dreamed of, until a painful truth puts their love story to the test.",https://www.imdb.com/title/tt27131358/
Kinds of Kindness,"A man seeks to break free from his predetermined path, a cop questions his wife's demeanor after her return from a supposed drowning, and a woman searches for an extraordinary individual prophesied to become a renowned spiritual guide.",https://www.imdb.com/title/tt22408160/
The First Omen,"A young American woman is sent to Rome to begin a life of service to the church, but encounters a darkness that causes her to question her faith and uncovers a terrifying conspiracy that hopes to bring about the birth of evil incarnate.",https://www.imdb.com/title/tt5672290/
The Watchers,"A young artist gets stranded in an extensive, immaculate forest in western Ireland, where, after finding shelter, she becomes trapped alongside three strangers, stalked by mysterious creatures each night.",https://www.imdb.com/title/tt26736843/
Do Patti,Twin sisters harbouring deep secrets and a determined police inspector seeking to uncover the truth in an attempted murder case.,https://www.imdb.com/title/tt28075881/
IF,A young girl who goes through a difficult experience begins to see everyone's imaginary friends who have been left behind as their real-life friends have grown up.,https://www.imdb.com/title/tt11152168/
Pushpa: The Rule - Part 2,"As his smuggling empire grows, a brazen Pushpa longs for power and respect on his vengeful journey, while facing old rivals and new.",https://www.imdb.com/title/tt16539454/
Transformers One,"The untold origin story of Optimus Prime and Megatron, better known as sworn enemies, but who once were friends bonded like brothers who changed the fate of Cybertron forever.",https://www.imdb.com/title/tt8864596/
Love Lies Bleeding,"Reclusive gym manager Lou falls hard for Jackie, an ambitious bodybuilder headed through town to Vegas in pursuit of her dream. But their love ignites violence, pulling them deep into the web of Lou's criminal family.",https://www.imdb.com/title/tt19637052/
Rebel Moon - Part Two: The Scargiver,"Kora and surviving warriors prepare to defend Veldt, their new home, alongside its people against the Realm. The warriors face their pasts, revealing their motivations before the Realm's forces arrive to crush the growing rebellion.",https://www.imdb.com/title/tt23137904/
Terrifier 3,Art the Clown is set to unleash chaos on the unsuspecting residents of Miles County as they peacefully drift off to sleep on Christmas Eve.,https://www.imdb.com/title/tt27911000/
The Order,A series of bank robberies and car heists frightens communities in the Pacific Northwest. A lone FBI agent believes that the crimes were not the work of financially motivated criminals but rather a group of dangerous domestic terrorists.,https://www.imdb.com/title/tt26625693/
Ricky Stanicky,"When three childhood best friends pull a prank that goes wrong, they invent the imaginary Ricky Stanicky to get them out of trouble. Twenty years later, they still use the nonexistent Ricky as a handy alibi for their immature behavior.",https://www.imdb.com/title/tt1660648/
Immaculate,"Cecilia, a woman of devout faith, is warmly welcomed to the picture-perfect Italian countryside where she is offered a new role at an illustrious convent. But it becomes clear to Cecilia that her new home harbors dark and horrifying secrets.",https://www.imdb.com/title/tt23137390/
Oddity,A psychic medium attempts to uncover the truth behind her sister's murder at the site of the crime.,https://www.imdb.com/title/tt26470109/
Atlas,"In a bleak-sounding future, an A.I. soldier has determined that the only way to end war is to end humanity.",https://www.imdb.com/title/tt14856980/
Fly Me to the Moon,"Marketing maven Kelly Jones wreaks havoc on NASA launch director Cole Davis's already difficult task. When the White House deems the mission too important to fail, the countdown truly begins.",https://www.imdb.com/title/tt1896747/
Land of Bad,A Delta Force team fights for survival as an Air Force drone pilot becomes its eyes in the sky.,https://www.imdb.com/title/tt19864802/
Borderlands,"An infamous bounty hunter returns to her childhood home, the chaotic planet Pandora, and forms an unlikely alliance with a team of misfits to find the missing daughter of the most powerful man in the universe.",https://www.imdb.com/title/tt4978420/
The Union,"Construction worker Mike is thrust into the world of espionage when his high school sweetheart, Roxanne, recruits him for a high-stakes intelligence mission.",https://www.imdb.com/title/tt12610390/
Caddo Lake,"When an 8-year-old girl disappears on Caddo Lake, a series of past deaths and disappearances begin to link together, altering a broken family's history.",https://www.imdb.com/title/tt15552142/
Shaitaan,"A family's getaway turns terrifying when an intruder possesses the teen daughter's body, putting her at the mercy of his increasingly sinister commands.",https://www.imdb.com/title/tt27744786/
Teri Baaton Mein Aisa Uljha Jiya,"Aryan is not able to find a perfect life partner. He meets a perfect girl, Sifra, during an official assignment in the US and falls in love with her only to discover later that it's an impossible love story.",https://www.imdb.com/title/tt27459160/
Fighter,A reckless yet brilliant squadron leader and his team of elite fighter pilots face mortal dangers and inner demons as they unite for a deadly mission.,https://www.imdb.com/title/tt13818368/
Lift,A female master thief and her ex-boyfriend who works for the FBI team up to steal $100M worth of gold bullion being transported on a 777 passenger flight from London to Zurich.,https://www.imdb.com/title/tt14371878/
It's What's Inside,"A group of friends gather for a pre-wedding party that descends into an existential nightmare when an estranged friend arrives with a mysterious game that awakens long-hidden secrets, desires and grudges.",https://www.imdb.com/title/tt14577874/
Murder Mubarak,"During a murder investigation, a non-traditional police officer turns a spotlight on an array of suspects. He steps into their world as an outsider, only to find there is so much more than what meets the eye.",https://www.imdb.com/title/tt27028399/
No Other Land,This film made by a Palestinian-Israeli collective shows the destruction of the occupied West Bank's Masafer Yatta by Israeli soldiers and the alliance which develops between the Palestinian activist Basel and Israeli journalist Yuval.,https://www.imdb.com/title/tt30953759/
The Goat Life,"An Indian man seeking work follows a job lead to Saudi Arabia, only to find himself forced to labor without pay as a goat herder in the remote desert.",https://www.imdb.com/title/tt5525650/
The Count of Monte Cristo,"After escaping from an island prison where he spent 14 years for being wrongly accused of state treason, Edmond Dantès returns as the count of Monte Cristo to exact revenge on the men who betrayed him.",https://www.imdb.com/title/tt26446278/
Spaceman,"Half a year into his solo mission on the edge of the solar system, an astronaut concerned with the state of his life back on Earth is helped by an ancient creature he discovers in the bowels of his ship.",https://www.imdb.com/title/tt11097384/
Mahavatar Narsimha,The demon Hiranyakashyap seeks revenge on Vishnu and declares himself a god. His son Prahlad remains devoted to Vishnu. Vishnu manifests as Narsimha to defeat the demon and restore balance.,https://www.imdb.com/title/tt34365591/
My Old Ass,"A mushroom trip brings free-spirited Elliott face-to-face with her 39-year-old self. But when Elliott's ""old ass"" delivers warnings to her younger self, Elliott realizes she has to rethink everything about her family, life and love.",https://www.imdb.com/title/tt18559464/
The Platform 2,"A thrilling physical journey that allows an approach to the darkness, where it is scary to look. It appeals to the viewer's civil responsibility and forces them to face the limits of their own solidarity.",https://www.imdb.com/title/tt27729779/
Stree 2,"After the events of Stree, the town of Chanderi is being haunted again. This time, women are mysteriously abducted by a terrifying headless entity. Once again, it's up to Vicky and his friends to save their town and loved ones.",https://www.imdb.com/title/tt27510174/
I Saw the TV Glow,"In late-90s suburbia, a lonely teenager meets a girl at school who introduces him to a mysterious late-night T.V. show. As time goes on, however, questions begin to arise about why the show sometimes seems more real than their own lives.",https://www.imdb.com/title/tt15574270/
Better Man,"A singular profile of pop superstar Robbie Williams, chronicling his meteoric rise, dramatic fall, and remarkable resurgence.",https://www.imdb.com/title/tt14260836/
Don't Move,"A seasoned killer injects a grieving woman with a paralytic agent. She must run, fight and hide before her body shuts down.",https://www.imdb.com/title/tt24807110/
Eden,"Based on a factual account of a group of outsiders who settle on a remote island only to discover their greatest threat isn't the brutal climate or deadly wildlife, but each other.",https://www.imdb.com/title/tt23149780/
Horizon: An American Saga - Chapter 1,"Chronicles a multi-faceted, 15-year span of pre-and post-Civil War expansion and settlement of the American west.",https://www.imdb.com/title/tt17505010/
The Instigators,Follows two robbers who must go on the run with the help of one of their therapists after a theft doesn't go as planned.,https://www.imdb.com/title/tt24169886/
Presence,A family becomes convinced they are not alone after moving into their new home in the suburbs.,https://www.imdb.com/title/tt28249919/
Madgaon Express,The journey of three childhood friends who embark on a trip to Goa that goes completely off-track.,https://www.imdb.com/title/tt26745657/
Lucky Baskhar,A cash-strapped cashier working at a bank embarks on a risky investment scheme and soon gets drawn into the murky world of money laundering.,https://www.imdb.com/title/tt27540542/
Megalopolis,"The city of New Rome faces the duel between Cesar Catilina, a brilliant artist in favor of a Utopian future, and the greedy mayor Franklyn Cicero. Between them is Julia Cicero, with her loyalty divided between her father and her beloved.",https://www.imdb.com/title/tt10128846/
The Crow,"Soulmates Eric and Shelly are brutally murdered. Given a chance to save the love of his life, Eric must sacrifice himself and traverse the worlds of the living and the dead, seeking revenge.",https://www.imdb.com/title/tt1340094/
Wallace & Gromit: Vengeance Most Fowl,Top dog Gromit springs into action to save his master when Wallace's high-tech invention goes rogue and he is framed for a series of suspicious crimes.,https://www.imdb.com/title/tt17163970/
Salem's Lot,"An author returns to his hometown of Jerusalem's Lot in search of inspiration for his next book, only to discover that the townspeople are being attacked by a bloodthirsty vampire.",https://www.imdb.com/title/tt10245072/
Mean Girls,"Cady Heron is a hit with the Plastics, an A-list girl clique at her new school. But everything changes when she makes the mistake of falling for Aaron Samuels, the ex-boyfriend of alpha Plastic Regina George.",https://www.imdb.com/title/tt11762114/
Vettaiyan,Ruthless criminal activity is met with force from a maverick police officer with a disregard for the rules as he confronts an outbreak of lawlessness.,https://www.imdb.com/title/tt26936666/
Auron Mein Kahan Dum Tha,"After 20 years in prison, a man reunites with his lost love and the truth behind his crimes is revealed.",https://www.imdb.com/title/tt26659814/
Bade Miyan Chote Miyan,Two elite soldiers with troubled pasts are enlisted for a daring mission when a deadly masked villain threatens India's defenses.,https://www.imdb.com/title/tt18072316/
Friendship,A suburban dad falls hard for his charismatic new neighbor.,https://www.imdb.com/title/tt30505698/
The Lord of the Rings: The War of the Rohirrim,"A sudden attack by Wulf, a clever and traitorous lord of Rohan seeking vengeance for the death of his father, forces Helm Hammerhand, the King of Rohan, and his people to make a daring last stand in the ancient stronghold of the Hornburg.",https://www.imdb.com/title/tt14824600/
Color of Victory,"The days when Istanbul was occupied as a result of the Armistice of Mudros after the First World War and the Fenerbahce football team won the ""Harington Cup""",https://www.imdb.com/title/tt29808429/
A Family Affair,"A surprising romance kicks off comic consequences for a young woman, her mother, and her movie-star boss as they face the complications of love, sex, and identity.",https://www.imdb.com/title/tt21051906/
Under Paris,"To save Paris from a bloodbath, a grieving scientist is forced to face her tragic past when a giant shark appears in the Seine.",https://www.imdb.com/title/tt13964390/
Tarot,"When a group of friends recklessly violates the sacred rule of Tarot readings, they unknowingly unleash an unspeakable evil trapped within the cursed cards. One by one, they come face to face with fate and end up in a race against death.",https://www.imdb.com/title/tt14088510/
Crew,Follows three hard-working women as their destinies lead to some unwarranted situations and they end up caught in a web of lies.,https://www.imdb.com/title/tt21383812/
Arthur the King,An adventure racer adopts a stray dog named Arthur to join him in an epic endurance race.,https://www.imdb.com/title/tt10720352/
Bob Marley: One Love,"The story of how reggae icon Bob Marley overcame adversity, and the journey behind his revolutionary music.",https://www.imdb.com/title/tt8521778/
Saturday Night,"At 11:30pm on October 11th, 1975, a ferocious troupe of young comedians and writers changed television forever. Find out what happened behind the scenes in the 90 minutes leading up to the first broadcast of Saturday Night Live (1975).",https://www.imdb.com/title/tt27657135/
A Different Man,"An aspiring actor undergoes a radical medical procedure to drastically transform his appearance, but his new dream face quickly turns into a nightmare.",https://www.imdb.com/title/tt21097228/
Small Things Like These,In 1985 devoted father Bill Furlong discovers disturbing secrets kept by the local convent and uncovers shocking truths of his own.,https://www.imdb.com/title/tt27196021/
Relay,A broker of lucrative payoffs between corrupt corporations and the individuals who threaten them breaks his own rules when a new client seeks his protection to stay alive.,https://www.imdb.com/title/tt11539996/
Uglies,A world in which a compulsory operation wipes out physical differences and makes everyone pretty.,https://www.imdb.com/title/tt13186604/
Unfrosted,"In 1963 Michigan, business rivals Kellogg's and Post compete to create a cake that could change breakfast forever.",https://www.imdb.com/title/tt14914430/
September 5,"During the 1972 Summer Olympics in Munich, Germany, an American sports broadcasting team must adapt to live coverage of the Israeli athletes being held hostage by a terrorist group.",https://www.imdb.com/title/tt28082769/
Savi,"Savi a simple housewife attempts a daring jailbreak to get her husband out of one of England's high security prisons With 400 inmates, 75 armed guards, 60 surveillance cameras.",https://www.imdb.com/title/tt32308617/
Subservience,"A family man buys a domestic android after his wife's hospitalization. The android develops obsessive attachment, manipulates the household, eliminates perceived rivals, and ultimately attempts to claim his wife's heart literally.",https://www.imdb.com/title/tt24871974/
Martin,"A journey of a man discovering himself, finding love and fighting for his motherland. Can he hold the fort on all three gates?",https://www.imdb.com/title/tt15334030/
Chandu Champion,A man who faced one adversary after another with an undying spirit. His unwavering zeal and never give up attitude led to India's first individual gold medal in any form of the Olympics.,https://www.imdb.com/title/tt27470893/
Paddington in Peru,"Paddington returns to Peru to visit his beloved Aunt Lucy, who now resides at the Home for Retired Bears. With the Brown family in tow, a thrilling adventure ensues when a mystery plunges them into an unexpected journey.",https://www.imdb.com/title/tt5822536/
Cuckoo,A 17-year-old is forced to move with her family to a resort where things are not what they seem.,https://www.imdb.com/title/tt12349832/
Jackpot!,"In the near future, a 'Grand Lottery' has been newly established in California - the catch: kill the winner before sundown to legally claim their multi-billion dollar jackpot.",https://www.imdb.com/title/tt26940324/
Manjummel Boys,"A group of friends get into a daring rescue mission to save their friend from Guna Caves, a perilously deep pit from where nobody has ever been brought back.",https://www.imdb.com/title/tt26458038/
Upgraded,"Ana, an ambitious intern at an art auction house in New York City, misrepresents herself to a handsome wealthy man as the director. As their romance develops, her deception creates challenges that threaten her career and relationship.",https://www.imdb.com/title/tt21830902/
Aavesham,Three teenagers reach Bangalore for their engineering degree and gets involved in a fight with seniors. They find a local gangster named Ranga to help them take revenge.,https://www.imdb.com/title/tt26660021/
Lisa Frankenstein,"A coming of RAGE love story about a teenager and her crush, who happens to be a corpse. After a set of horrific circumstances bring him back to life, the two embark on a journey to find love, happiness - and a few missing body parts.",https://www.imdb.com/title/tt21188080/
The Six Triple Eight,"During World War II, 855 women joined the fight to fix the three-year backlog of undelivered mail. Faced with discrimination and a country devastated by war, they managed to sort more than 17 million pieces of mail ahead of time.",https://www.imdb.com/title/tt24458622/
Back to Black,"The life and music of singer Amy Winehouse, through the journey of adolescence to adulthood and the creation of one of the best-selling albums of our time.",https://www.imdb.com/title/tt21261712/
In a Violent Nature,"When a locket is removed from a collapsed fire tower in the woods that entombs the rotting corpse of Johnny, a vengeful spirit spurred on by a horrific 70-year old crime, his body is resurrected and becomes hellbent on retrieving it.",https://www.imdb.com/title/tt30321146/
Attack on Titan: The Last Attack,"The fate of the world hangs in the balance as Eren unleashes the ultimate power of the Titans. With a burning determination to eliminate all who threaten Eldia, he leads an unstoppable army of Colossal Titans towards Marley.",https://www.imdb.com/title/tt33175825/
Elevation,A single father and two women venture from the safety of their homes to face monstrous creatures to save the life of a young boy.,https://www.imdb.com/title/tt23558280/
Merry Christmas,Two strangers meet on a fateful Christmas Eve. A night of delirious romance turns into a nightmare. Revealing anything more would be a crime.,https://www.imdb.com/title/tt15392282/
Hanu Man,An imaginary place called Anjanadri where the protagonist gets the powers of Hanuman and fights for Anjanadri.,https://www.imdb.com/title/tt15433956/
Queer,"In 1950s Mexico City, an American immigrant in his late forties leads a solitary life amidst a small American community. However, the arrival of a young student stirs the man into finally establishing a meaningful connection with someone.",https://www.imdb.com/title/tt24176060/
The Strangers: Chapter 1,"After their car breaks down in an eerie small town, a young couple is forced to spend the night in a remote cabin. Panic ensues as they are terrorized by three masked strangers who strike with no mercy and seemingly no motive.",https://www.imdb.com/title/tt22050754/
Exhuma,The process of excavating an ominous grave unleashes dreadful consequences buried underneath.,https://www.imdb.com/title/tt27802490/
Thelma,"When 93-year-old Thelma Post gets duped by a phone scammer pretending to be her grandson, she sets out on a treacherous quest across the city to reclaim what was taken from her.",https://www.imdb.com/title/tt23778968/
Munjya,"A young man's visit to his native village unveils a family secret and a vengeful spirit, the Munjya, who wants to get married. Now the young man must fight to protect himself and his love from Munjya's clutches.",https://www.imdb.com/title/tt27995594/
Drive-Away Dolls,"Jamie regrets her breakup with her girlfriend, while Marian needs to relax. In search of a fresh start, they embark on an unexpected road trip to Tallahassee. Things quickly go awry when they cross paths with a group of inept criminals.",https://www.imdb.com/title/tt19356262/
Khel Khel Mein,Revolves around a group of friends who gather for a dinner and end up revealing secrets about each other.,https://www.imdb.com/title/tt27056012/
Article 370,"Ahead of a major constitutional decision, special agent Zooni Haksar is tasked with a secret mission to quell violence in a conflict-ridden region.",https://www.imdb.com/title/tt30970235/
Here,"A generational story about families and the special place they inhabit, sharing in love, loss, laughter, and life.",https://www.imdb.com/title/tt18272208/
The Garfield Movie,"After Garfield's unexpected reunion with his long-lost father, ragged alley cat Vic, he and his canine friend Odie are forced from their perfectly pampered lives to join Vic on a risky heist.",https://www.imdb.com/title/tt5779228/
Arcadian,A father and his twin teenage sons fight to survive in a remote farmhouse at the end of the world.,https://www.imdb.com/title/tt22939186/
The Room Next Door,"Ingrid and Martha were close friends in their youth, when they worked together at the same magazine. After years of being out of touch, they meet again in an extreme but strangely sweet situation.",https://www.imdb.com/title/tt29439114/
Miller's Girl,A creative writing assignment yields complex results between a teacher and his talented student.,https://www.imdb.com/title/tt8310486/
Bad Newz,"A crazy laugh riot which will show the outcomes of two sophisticated Punjabi men and a Punjabi girl. One of the men has a one night stand with the girl and somehow, craziness happens when she is pregnant unexpectedly.",https://www.imdb.com/title/tt24517830/
Fight or Flight,A mercenary takes on the job of tracking down a target on a plane but must protect that target when they're surrounded by people trying to kill both of them.,https://www.imdb.com/title/tt13652286/
Sleeping Dogs,"An ex-homicide detective with memory loss is forced to solve a brutal murder, only to uncover chilling secrets from his forgotten past.",https://www.imdb.com/title/tt8542964/
Sector 36,"A fictional story Inspired by true events, several children go missing from a basti (slum) in Sector 36. A determined police officer must now face off with a cunning serial killer as a chilling investigation and dark secrets unfold.",https://www.imdb.com/title/tt21626774/
Our Little Secret,Two resentful exes must awkwardly spend Christmas together after they learn that their new partners are siblings.,https://www.imdb.com/title/tt31022050/
Sikandar Ka Muqaddar,"After an unsolved diamond heist, a hard-nosed cop's pursuit of his key suspect turns into obsession, until they finally face each other and the truth.",https://www.imdb.com/title/tt31522415/
The Greatest of All Time,"Gandhi is a hostage negotiator, field agent, and spy working for the Special Anti-Terrorist Squad (SATS). After years of service, he is called back for a critical mission that sets him on a dangerous collision course with his own past.",https://www.imdb.com/title/tt27487934/
Memoir of a Snail,"A bittersweet memoir of a melancholic woman called Grace Pudel - a hoarder of snails, romance novels, and guinea pigs.",https://www.imdb.com/title/tt23770030/
Marco,"The adoptive son of the Adattu family, Marco, sets off on a ruthless quest for vengeance after his brother is brutally murdered, finding only betrayal, loss and unimaginable brutality at every step.",https://www.imdb.com/title/tt29383379/
The Sabarmati Report,"A Hindi reporter struggles with a deadly fact when a train full of Karsewaks is set ablaze in Godhra. Years later, he is asked to help expose the Sabarmati Incident backed by a buried report.",https://www.imdb.com/title/tt30889755/
Ulajh,"The journey of a young IFS officer, belonging to a prominent family of patriots, who gets embroiled in a dangerous personal conspiracy while far from her home turf, at a career-defining post.",https://www.imdb.com/title/tt19838634/
The Deliverance,"An Indiana family discovers strange, demonic occurrences that convince them and their community that the house is a portal to hell.",https://www.imdb.com/title/tt4196566/
Maria,"Maria Callas, the world's greatest opera singer, lives the last days of her life in 1970s Paris, as she confronts her identity.",https://www.imdb.com/title/tt22893404/
Guntur Kaaram,"Years after his mother abandons him and remarries, a man demands answers when he's asked to sign a document denying he is her son as she runs for office.",https://www.imdb.com/title/tt14564000/
Kneecap,"When fate brings Belfast teacher JJ into the orbit of self-confessed ""low life scum"" Naoise and Liam Óg, the needle drops on a hip hop act like no other. Rapping in their native Irish, they lead a movement to save their mother tongue.",https://www.imdb.com/title/tt27367464/
Jigra,"When Ankur is wrongfully imprisoned and sentenced to death in a foreign country, his steely sister Satya is driven by a lethal resolve to break him free.",https://www.imdb.com/title/tt26733317/
Nightbitch,"A woman pauses her career to be a stay-at-home mom, but soon her domesticity takes a surreal turn.",https://www.imdb.com/title/tt12810074/
Mothers' Instinct,"Alice and Celine live a traditional lifestyle with successful husbands and sons of the same age. Life's perfect harmony is suddenly shattered after a tragic accident. Guilt, suspicion and paranoia combine to unravel their sisterly bond.",https://www.imdb.com/title/tt13397574/
Nickel Boys,A powerful friendship develops between two young Black men as they navigate the harrowing trials of reform school together.,https://www.imdb.com/title/tt23055660/
The Assessment,"In the near future where parenthood is strictly controlled, a couple's seven-day assessment for the right to have a child unravels into a psychological nightmare.",https://www.imdb.com/title/tt32768323/
Amaran,"The life of Major Mukund Varadarajan and is set against the backdrop of the Qazipathri Operation in Shopian, Kashmir, which took place back in 2014.",https://www.imdb.com/title/tt27118357/
Apocalypse Z: The Beginning of the End,"Manel is sheltering from a rabies-like disease which sweeps the planet, until he is forced to leave and meet unlikely but essential traveling companions.",https://www.imdb.com/title/tt27599851/
Premalu,"Sachin's quest for love takes unexpected turns, creating a laughter-filled love triangle.",https://www.imdb.com/title/tt28288786/
Devara Part 1,"A mighty sea warrior takes a violent stand against the criminal deeds of his village. Years later, his mild-mannered son walks a path of his own.",https://www.imdb.com/title/tt11821912/
Maidaan,"Inspired by the Indian national football team coach and manager Syed Abdul Rahim, who is regarded as the architect of Indian football.",https://www.imdb.com/title/tt10869778/
Irish Wish,"When the love of Maddie's life gets engaged to her best friend, she puts her feelings aside to be a bridesmaid at their wedding in Ireland.",https://www.imdb.com/title/tt21957774/
Meiyazhagan,A man's life is changed when he bumps into someone from his hometown in this moving Tamil-language drama; gentle scenes are occasionally punctuated by sporting threat and recollections of violence.,https://www.imdb.com/title/tt26758372/
Time Cut,High school student accidentally travels back to 2003 and decides to stop the serial killer who murdered her sister.,https://www.imdb.com/title/tt14857528/
Look Back,"The overly confident Fujino and the shut-in Kyomoto couldn't be more different, but a love of drawing manga brings these two small-town girls together.",https://www.imdb.com/title/tt31711040/
The Outrun,"After living life on the edge in London, Rona attempts to come to terms with her troubled past. Hoping to heal, she returns to the wild beauty of Scotland's Orkney Islands where she grew up.",https://www.imdb.com/title/tt11687002/
How to Make Millions Before Grandma Dies,"A man, driven by his desire for a multi-million dollar inheritance, begins to care for his terminally ill grandmother. However, winning her favor will not be an easy task and he is not the only one with an eye on the money.",https://www.imdb.com/title/tt31392609/
Dear Santa,"When a young boy mails his Christmas wish list to Santa with one crucial spelling error, a devilish Jack Black arrives to wreak havoc on the holidays.",https://www.imdb.com/title/tt2396431/
Scoop,"An insider account of how BBC Newsnight obtained the bombshell interview with Prince Andrew about his friendship with convicted sex offender, Jeffrey Epstein.",https://www.imdb.com/title/tt21279806/
The Last Showgirl,A seasoned showgirl must plan for her future when her show abruptly closes after a 30-year run.,https://www.imdb.com/title/tt31193791/
The Killer's Game,"When a hitman is diagnosed with a terminal illness, he decides to take a hit out on himself. But when the very hitmen he hired also target his ex-girlfriend, he must fend off an army of assassin colleagues.",https://www.imdb.com/title/tt0327785/
The Surfer,"A man returns to his childhood beach in Australia, but is forced into a fight for survival by a territorial group called the Bay Boys.",https://www.imdb.com/title/tt27813235/
Parthenope,"A woman born in the sea of Naples in 1950 searches for happiness over the long summers of her youth, falling in love with her home city and its many memorable characters.",https://www.imdb.com/title/tt23853982/
The Fable,"After discovering burned trees in his orchards, a wealthy landowner grows suspicious of his workers and nomads passing through his vast estate.",https://www.imdb.com/title/tt31015496/
Y2K,Two high-school nobodies make the decision to crash a Y2K party. The night becomes even crazier than they could have ever dreamed when the clock strikes midnight.,https://www.imdb.com/title/tt27218960/
Ordinary Angels,Inspired by the incredible true story of a hairdresser who single-handedly rallies an entire community to help a widowed father save the life of his critically ill young daughter.,https://www.imdb.com/title/tt4996328/
Apartment 7A,"A struggling young dancer finds herself drawn in by dark forces when a peculiar, well-connected older couple promise her a shot at fame.",https://www.imdb.com/title/tt14371860/
Trigger Warning,"A special forces commando returns to her hometown after her father's sudden death, only to run afoul of a violent gang when she starts asking questions.",https://www.imdb.com/title/tt5834874/
That Christmas,"It's an unforgettable Christmas for the townsfolk of Wellington-on-Sea when the worst snowstorm in history alters everyone's plans, including Santa's.",https://www.imdb.com/title/tt14855468/
The Seed of the Sacred Fig,"An investigating judge struggles with paranoia amid political unrest in Tehran caused by the death of a young woman. When his gun goes missing, he suspects his wife and daughters, imposing harsh measures that fray family ties.",https://www.imdb.com/title/tt32178949/
Nr. 24,"Young apprentice Gunnar Sønsteby from Rjukan decides to resist Nazi-Germany on the day of the invasion to later become the leader of the ""Oslo-gang"" carrying out countless daring acts of sabotage making him Norway's greatest war hero.",https://www.imdb.com/title/tt23782584/
The Girl with the Needle,"Copenhagen 1919: A young worker finds herself unemployed and pregnant. She meets Dagmar, who runs an underground adoption agency. A strong connection grows but her world shatters when she stumbles on the shocking truth behind her work.",https://www.imdb.com/title/tt10236164/
Young Woman and the Sea,"The story of competitive swimmer Gertrude Ederle, who, in 1926, was the first woman to ever swim across the English Channel.",https://www.imdb.com/title/tt5177114/
Imaginary,A woman returns to her childhood home to discover that the imaginary friend she left behind is very real and unhappy that she abandoned him.,https://www.imdb.com/title/tt26658104/
Never Let Go,A family that has been haunted by an evil spirit for years. Their safety and their surroundings come into question when one of the children questions if the evil is real.,https://www.imdb.com/title/tt14415204/
Baby John,Revolves around a DCP who transforms and travels to a different place in order to safeguard his family.,https://www.imdb.com/title/tt27757805/
Your Fault,"Despite their parents' efforts to separate them, Noah and Nick's love seems unbreakable. However, work and college open their lives to new relationships.",https://www.imdb.com/title/tt28510079/
Sting,"After raising an unnervingly talented spider in secret, 12-year-old Charlotte must face the facts about her pet-and fight for her family's survival-when the once-charming creature rapidly transforms into a giant, flesh-eating monster.",https://www.imdb.com/title/tt20112746/
Orion and the Dark,"A boy with an active imagination faces his fears on an unforgettable journey through the night with his new friend: a giant, smiling creature named Dark.",https://www.imdb.com/title/tt28066777/
Blitz,The stories of a group of Londoners during the German bombing campaign of the British capital during World War II.,https://www.imdb.com/title/tt15939198/
Freaky Tales,"Four interconnected stories set in 1987 Oakland, CA. will tell about the love of music, movies, people, places and memories beyond our knowable universe.",https://www.imdb.com/title/tt21942598/
Viduthalai Part 2,"An unassuming school teacher faces extreme circumstances, forcing him to take up arms and lead a fiery rebellion against oppression, becoming an unlikely leader.",https://www.imdb.com/title/tt25434834/
Mother of the Bride,Lana's daughter Emma returns from London and announces that she's getting married next month. Things become more complicated when Lana learns that the man who stole Emma's heart is the son of the man who broke hers years ago.,https://www.imdb.com/title/tt26926267/
Swatantrya Veer Savarkar,"The life journey of Indian freedom fighter and reformer Vinayak Damodar Savarkar, popularly known as Veer Savarkar.",https://www.imdb.com/title/tt14753612/
The Killer,"After being betrayed by her master, a disillusioned assassin takes one final shot with the intention of using the money to help a musician she accidentally blinded regain vision.",https://www.imdb.com/title/tt1121948/
Afraid,The Pike family is selected to test a new home device: a digital assistant called AIA. AIA learns the family's behaviors and begins to anticipate their needs. And she can make sure nothing - and no one - gets in her family's way.,https://www.imdb.com/title/tt24577462/
Bramayugam,"Thevan, a folk singer of the Paanan caste, has a fateful encounter when escaping slavery, leading to him discovering an ancient traditional mansion altering his destiny.",https://www.imdb.com/title/tt27431598/
Hellboy: The Crooked Man,"Hellboy and a rookie B.P.R.D. agent in the 1950s are sent to the Appalachians, where they discover a remote community dominated by witches and led by the sinister local demon, the Crooked Man.",https://www.imdb.com/title/tt26757462/
Am I Racist?,"A man investigates diversity, equity and inclusion practices, revealing absurdities through hidden social experiments.",https://www.imdb.com/title/tt33034103/
Wild Wild Punjab,"Khanna has had a breakup. He's upset, but he has friends like Arora, Jain and Honey paa'ji who encourage him to face this breakup head-on and move on. They embark on a trip across Punjab to help Khanna find the closure he desires.",https://www.imdb.com/title/tt31514262/
Snack Shack,"Nebraska City, 1991, two best friends get the chance to run the swimming pool snack shack, that later comes to be the perfect scenario for transgression, fun, personal discovery and romance.",https://www.imdb.com/title/tt22004344/
Amar Singh Chamkila,"Follows the life of pop star duo Amar Singh Chamkila and Amarjot Kaur, whose songs that were social commentaries or devotionals became massive hits in the 80's.",https://www.imdb.com/title/tt26658272/
Now or Never!,"On March 15, 1848, a young firebrand poet, Sándor Petöfi ignites the Hungarian Revolution with his passionate 'National Song', prompting the Austrians to dispatch a ruthless secret agent to assassinate him and suppress the uprising.",https://www.imdb.com/title/tt19857862/
Solo Leveling: ReAwakening,"Over a decade after 'gates' connecting worlds appeared, awakening 'hunters' with superpowers, weakest hunter Sung Jinwoo encounters a double dungeon and accepts a mysterious quest, becoming the only one able to level up, changing his fate.",https://www.imdb.com/title/tt33428606/
Code 8: Part II,Follows a girl fighting to get justice for her brother who was slain by corrupt police officers. She enlists the help of an ex-con and his former partner to face off against a highly regarded and well-protected police sergeant.,https://www.imdb.com/title/tt14764464/
Indian 2,"Senapathy, an ex-freedom fighter turned vigilante who fights against corruption. Senapathy returns to the country to aid a young man who has been exposing corrupt politicians in the country through videos on the internet.",https://www.imdb.com/title/tt8066940/
Kishkindha Kaandam,"Strange events unfold in a monkey-inhabited village, prompting a newlywed pair and forest officials to embark on a mission to uncover the root cause of the peculiar disturbances.",https://www.imdb.com/title/tt15980138/
Incoming,Four freshmen navigate the terrors of adolescence at their first-ever high school party.,https://www.imdb.com/title/tt21284218/
The Greatest Night in Pop,"On January 28th 1985, dozens of the era's most popular musicians gathered in Los Angeles to record a charity single for African famine relief. Setting egos aside, they collaborated on a song that would make history.",https://www.imdb.com/title/tt30796448/
Hot Frosty,"Widow Kathy magically brings a snowman to life. His innocence helps her heal and find love again. They bond before the holidays, but he's doomed to melt.",https://www.imdb.com/title/tt32359447/
Mr. & Mrs. Mahi,A married couple who share a love for cricket begin training in the game due to her natural talent.,https://www.imdb.com/title/tt16227342/
Dìdi,"In 2008, during the last month of summer before high school begins, an impressionable 13-year-old Taiwanese American boy learns what his family can't teach him: how to skate, how to flirt, and how to love your mom.",https://www.imdb.com/title/tt30319503/
We Bury the Dead,"After a military catastrophe leaves Tasmania filled with partially reanimated corpses, a volunteer searching for her missing husband abandons recovery operations and travels south through isolated communities collapsing beneath guilt.",https://www.imdb.com/title/tt29713093/
Maharaj,"Based on a real-life historic court case, a bold journalist questions a revered leader's immoral behavior.",https://www.imdb.com/title/tt4501268/
Kanguva,A tribal warrior's fierce struggle to save his people a millennium ago is mysteriously linked to a bounty hunter's perilous quest in the present.,https://www.imdb.com/title/tt22036406/
Killer Heat,"Follows twin brothers who find themselves in a dangerous love triangle on an isolated Greek island. The investigation is given to ""The Jealousy Man,"" a wounded detective.",https://www.imdb.com/title/tt27419292/
Brothers,"Two criminal twin brothers, one who is trying to reform, embark on a dangerous heist road trip. Facing legal troubles, gunfights, and family drama, they must reconcile their differences before their mission leads to self-destruction.",https://www.imdb.com/title/tt9860566/
Intoxicated by Love,"Story of Rumi, his friendship with Shams Tabrizi, the love he had for him and the great influence of Shams over him in his life, his poetry and his love for God.",https://www.imdb.com/title/tt11281220/
Agni,"In a city plagued by a strange rise in fires, fireman Vithal and his policeman brother-in-law Samit reluctantly team up to solve the escalating crisis. Battling personal conflicts, they race against time to crack the case and save Mumbai.",https://www.imdb.com/title/tt27930683/
Greedy People,Follows the residents of a small island town who must navigate a sensational murder and the discovery of a million dollars; a series of increasingly bad decisions upend the once peaceful community.,https://www.imdb.com/title/tt20201748/
The Remarkable Life of Ibelin,"Mats Steen, a Norwegian gamer, died of a degenerative muscular disease at the age of 25. His parents mourned what they thought had been a lonely and isolated life, when they started receiving messages from online friends around the world.",https://www.imdb.com/title/tt19811010/
The Tearsmith,Sometimes our greatest fear is accepting that someone can honestly love us for who we are. Nica and Rigel are ready to find it out together.,https://www.imdb.com/title/tt29114029/
